productCode,productName,productLine,productScale,productVendor,productDescription,quantityInStock,warehouseCode,buyPrice,MSRP,totalRevenue,profit
S18_3232,"1992 Ferrari 360 Spider red","Classic Cars",1:18,"Unimax Art Galleries","his replica features opening doors, superb detail and craftsmanship, working steering system, opening forward compartment, opening rear trunk with removable spare, 4 wheel independent spring suspension as well as factory baked enamel finish.",8347,b,77.90,169.34,276839.98,135996.78
S12_1108,"2001 Ferrari Enzo","Classic Cars",1:12,"Second Gear Diecast","Turnable front wheels; steering function; detailed interior; detailed engine; opening hood; opening trunk; opening doors; and detailed chassis.",3619,b,95.59,207.80,190755.86,93349.65
S10_1949,"1952 Alpine Renault 1300","Classic Cars",1:10,"Classic Metal Creations","Turnable front wheels; steering function; detailed interior; detailed engine; opening hood; opening trunk; opening doors; and detailed chassis.",7305,b,98.58,214.30,190017.96,95282.58
S10_4698,"2003 Harley-Davidson Eagle Drag Bike",Motorcycles,1:10,"Red Start Diecast","Model features, official Harley Davidson logos and insignias, detachable rear wheelie bar, heavy diecast metal with resin parts, authentic multi-color tampo-printed graphics, separate engine drive belts, free-turning front fork, rotating tires and rear racing slick, certificate of authenticity, detailed engine, display stand
, precision diecast replica, baked enamel finish, 1:10 scale model, removable fender, seat and tank cover piece for displaying the superior detail of the v-twin engine",5582,a,91.02,193.66,170686.00,81031.30
S12_1099,"1968 Ford Mustang","Classic Cars",1:12,"Autoart Studio Design","Hood, doors and trunk all open to reveal highly detailed interior features. Steering wheel actually turns the front wheels. Color dark green.",68,b,95.34,194.57,161531.48,72579.26
S12_3891,"1969 Ford Falcon","Classic Cars",1:12,"Second Gear Diecast","Turnable front wheels; steering function; detailed interior; detailed engine; opening hood; opening trunk; opening doors; and detailed chassis.",1049,b,83.05,173.02,152543.02,72399.77
S18_1662,"1980s Black Hawk Helicopter",Planes,1:18,"Red Start Diecast","1:18 scale replica of actual Army's UH-60L BLACK HAWK Helicopter. 100% hand-assembled. Features rotating rotor blades, propeller blades and rubber wheels.",5330,a,77.27,157.69,144959.91,64599.11
S18_2238,"1998 Chrysler Plymouth Prowler","Classic Cars",1:18,"Gearbox Collectibles","Turnable front wheels; steering function; detailed interior; detailed engine; opening hood; opening trunk; opening doors; and detailed chassis.",4724,b,101.51,163.73,142530.63,42441.77
S18_1749,"1917 Grand Touring Sedan","Vintage Cars",1:18,"Welly Diecast Productions","This 1:18 scale replica of the 1917 Grand Touring car has all the features you would expect from museum quality reproductions: all four doors and bi-fold hood opening, detailed engine and instrument panel, chrome-look trim, and tufted upholstery, all topped off with a factory baked-enamel finish.",2724,c,86.70,170.00,140535.60,60945.00
S12_2823,"2002 Suzuki XREO",Motorcycles,1:12,"Unimax Art Galleries","Official logos and insignias, saddle bags located on side of motorcycle, detailed engine, working steering, working suspension, two leather seats, luggage rack, dual exhaust pipes, small saddle bag located on handle bars, two-tone paint with chrome accents, superior die-cast detail , rotating wheels , working kick stand, diecast metal with plastic parts and baked enamel finish.",9997,a,66.27,150.62,135767.03,67641.47
S24_3856,"1956 Porsche 356A Coupe","Classic Cars",1:18,"Classic Metal Creations","Features include: Turnable front wheels; steering function; detailed interior; detailed engine; opening hood; opening trunk; opening doors; and detailed chassis.",6600,b,98.30,140.43,134240.71,30829.11
S12_3148,"1969 Corvair Monza","Classic Cars",1:18,"Welly Diecast Productions","1:18 scale die-cast about 10" long doors open, hood opens, trunk opens and wheels roll",6906,b,89.14,151.08,132363.79,46521.97
S18_2795,"1928 Mercedes-Benz SSK","Vintage Cars",1:18,"Gearbox Collectibles","This 1:18 replica features grille-mounted chrome horn, lift-up louvered hood, fold-down rumble seat, working steering system, chrome-covered spare, opening doors, detailed and wired engine. Color black.",548,c,72.56,168.75,132275.98,68423.18
S18_4721,"1957 Corvette Convertible","Classic Cars",1:18,"Classic Metal Creations","1957 die cast Corvette Convertible in Roman Red with white sides and whitewall tires. 1:18 scale quality die-cast with detailed engine and underbvody. Now you can own The Classic Corvette.",1249,b,69.93,148.80,130749.31,59910.22
S10_4757,"1972 Alfa Romeo GTA","Classic Cars",1:10,"Motor City Art Classics","Features include: Turnable front wheels; steering function; detailed interior; detailed engine; opening hood; opening trunk; opening doors; and detailed chassis.",3252,b,85.68,136.00,127924.32,39673.92
S10_4962,"1962 LanciaA Delta 16V","Classic Cars",1:10,"Second Gear Diecast","Features include: Turnable front wheels; steering function; detailed interior; detailed engine; opening hood; opening trunk; opening doors; and detailed chassis.",6791,b,103.42,147.74,123123.01,26735.57
S18_4027,"1970 Triumph Spitfire","Classic Cars",1:18,"Min Lin Diecast","Features include opening and closing doors. Color: White.",5545,b,91.92,143.62,122254.75,35390.35
S18_3482,"1976 Ford Gran Torino","Classic Cars",1:18,"Gearbox Collectibles","Highly detailed 1976 Ford Gran Torino "Starsky and Hutch" diecast model. Very well constructed and painted in red and white patterns.",9127,b,73.49,146.99,121890.60,54647.25
S18_3685,"1948 Porsche Type 356 Roadster","Classic Cars",1:18,"Gearbox Collectibles","This model features working front and rear suspension on accurately replicated and actuating shock absorbers as well as opening engine cover, rear stabilizer flap,  and 4 opening doors.",8990,b,62.16,141.28,121653.46,62725.78
S12_1666,"1958 Setra Bus","Trucks and Buses",1:12,"Welly Diecast Productions","Model features 30 windows, skylights & glare resistant glass, working steering system, original logos",1579,d,77.90,136.67,119085.25,43366.45
S18_1984,"1995 Honda Civic","Classic Cars",1:18,"Min Lin Diecast","This model features, opening hood, opening doors, detailed engine, rear spoiler, opening trunk, working steering, tinted windows, baked enamel finish. Color yellow.",9772,b,93.89,142.25,119050.95,32953.82
S24_2300,"1962 Volkswagen Microbus","Trucks and Buses",1:24,"Autoart Studio Design","This 1:18 scale die cast replica of the 1962 Microbus is loaded with features: A working steering system, opening front doors and tailgate, and famous two-tone factory baked enamel finish, are all topped of by the sliding, real fabric, sunroof.",2327,d,61.34,127.79,118774.33,55655.47
S18_2319,"1964 Mercedes Tour Bus","Trucks and Buses",1:18,"Unimax Art Galleries","Exact replica. 100+ parts. working steering system, original logos",8258,d,74.86,122.73,117669.66,38842.08
S18_1129,"1993 Mazda RX-7","Classic Cars",1:18,"Highway 66 Mini Classics","This model features, opening hood, opening doors, detailed engine, rear spoiler, opening trunk, working steering, tinted windows, baked enamel finish. Color red.",3975,b,83.51,141.54,114648.12,35564.15
S18_4600,"1940s Ford truck","Trucks and Buses",1:18,"Motor City Art Classics","This 1940s Ford Pick-Up truck is re-created in 1:18 scale of original 1940s Ford truck. This antique style metal 1940s Ford Flatbed truck is all hand-assembled. This collectible 1940's Pick-Up truck is painted in classic dark green color, and features rotating wheels.",3128,d,84.76,121.08,114232.79,24302.43
S24_2011,"18th century schooner",Ships,1:24,"Carousel DieCast Legends","All wood with canvas sails. Many extras including rigging, long boats, pilot house, anchors, etc. Comes with 4 masts, all square-rigged.",1898,d,82.34,122.89,112427.12,29181.38
S18_3140,"1903 Ford Model A","Vintage Cars",1:18,"Unimax Art Galleries","Features opening trunk,  working steering system",3913,c,68.30,136.59,111528.82,51219.92
S10_2016,"1996 Moto Guzzi 1100i",Motorcycles,1:10,"Highway 66 Mini Classics","Official Moto Guzzi logos and insignias, saddle bags located on side of motorcycle, detailed engine, working steering, working suspension, two leather seats, luggage rack, dual exhaust pipes, small saddle bag located on handle bars, two-tone paint with chrome accents, superior die-cast detail , rotating wheels , working kick stand, diecast metal with plastic parts and baked enamel finish.",6625,a,68.99,118.94,109998.82,41077.81
S18_2325,"1932 Model A Ford J-Coupe","Vintage Cars",1:18,"Autoart Studio Design","This model features grille-mounted chrome horn, lift-up louvered hood, fold-down rumble seat, working steering system, chrome-covered spare, opening doors, detailed and wired engine",9354,c,58.48,127.13,109992.01,54026.65
S12_4473,"1957 Chevy Pickup","Trucks and Buses",1:12,"Exoto Designs","1:12 scale die-cast about 20" long Hood opens, Rubber wheels",6125,d,55.70,118.50,109946.21,51127.01
S18_1097,"1940 Ford Pickup Truck","Trucks and Buses",1:18,"Studio M Art Models","This model features soft rubber tires, working steering, rubber mud guards, authentic Ford logos, detailed undercarriage, opening doors and hood,  removable split rear gate, full size spare mounted in bed, detailed interior with opening glove box",2613,d,58.33,116.67,105563.12,47291.45
S24_1578,"1997 BMW R 1100 S",Motorcycles,1:24,"Autoart Studio Design","Detailed scale replica with working suspension and constructed from over 70 parts",7003,a,60.86,112.70,105266.64,42398.26
S12_4675,"1969 Dodge Charger","Classic Cars",1:12,"Welly Diecast Productions","Detailed model of the 1969 Dodge Charger. This model includes finely detailed interior and exterior features. Painted in red and white.",7323,b,58.73,115.16,104210.62,45950.46
S700_2834,"ATA: B757-300",Planes,1:700,"Highway 66 Mini Classics","Exact replia with official logos and insignias and retractable wheels",7106,a,59.33,118.65,102786.38,45058.29
S18_1342,"1937 Lincoln Berline","Vintage Cars",1:18,"Motor City Art Classics","Features opening engine cover, doors, trunk, and fuel filler cap. Color black",8693,c,60.62,102.74,102563.52,35214.70
S18_3856,"1941 Chevrolet Special Deluxe Cabriolet","Vintage Cars",1:18,"Exoto Designs","Features opening hood, opening doors, opening trunk, wide white wall tires, front door arm rests, working steering system, leather upholstery. Color black.",2378,c,64.58,105.87,102537.45,33049.37
S18_1589,"1965 Aston Martin DB5","Classic Cars",1:18,"Classic Metal Creations","Die-cast model of the silver 1965 Aston Martin DB5 in silver. This model includes full wire wheels and doors that open with fully detailed passenger compartment. In 1:18 scale, this model measures approximately 10 inches/20 cm long.",9042,b,65.96,124.44,101778.13,41490.69
S50_1392,"Diamond T620 Semi-Skirted Tanker","Trucks and Buses",1:50,"Highway 66 Mini Classics","This limited edition model is licensed and perfectly scaled for Lionel Trains. The Diamond T620 has been produced in solid precision diecast and painted with a fire baked enamel finish. It comes with a removable tanker and is a perfect model to add authenticity to your static train or car layout or to just have on display.",1016,d,68.29,115.75,101137.55,34281.64
S18_2870,"1999 Indy 500 Monte Carlo SS","Classic Cars",1:18,"Red Start Diecast","Features include opening and closing doors. Color: Red",8164,b,56.76,132.00,100770.12,52240.32
S12_3380,"1968 Dodge Charger","Classic Cars",1:12,"Welly Diecast Productions","1:12 scale model of a 1968 Dodge Charger. Hood, doors and trunk all open to reveal highly detailed interior features. Steering wheel actually turns the front wheels. Color black",9123,b,75.16,117.44,98718.76,29195.76
S18_2949,"1913 Ford Model T Speedster","Vintage Cars",1:18,"Carousel DieCast Legends","This 250 part reproduction includes moving handbrakes, clutch, throttle and foot pedals, squeezable horn, detailed wired engine, removable water, gas, and oil cans, pivoting monocle windshield, all topped with a baked enamel red finish. Each replica comes with an Owners Title and Certificate of Authenticity. Color red.",4189,c,60.78,101.31,97193.88,34104.24
S24_1785,"1928 British Royal Navy Airplane",Planes,1:24,"Classic Metal Creations","Official logos and insignias",3627,a,66.74,109.42,94885.37,30014.09
S24_2887,"1952 Citroen-15CV","Classic Cars",1:24,"Exoto Designs","Precision crafted hand-assembled 1:18 scale reproduction of the 1952 15CV, with its independent spring suspension, working steering system, opening doors and hood, detailed engine and instrument panel, all topped of with a factory fresh baked enamel finish.",1452,b,72.82,117.44,94248.67,30676.81
S24_4048,"1992 Porsche Cayenne Turbo Silver","Classic Cars",1:24,"Exoto Designs","This replica features opening doors, superb detail and craftsmanship, working steering system, opening forward compartment, opening rear trunk with removable spare, 4 wheel independent spring suspension as well as factory baked enamel finish.",6582,b,69.78,118.28,92973.40,32474.14
S10_1678,"1969 Harley Davidson Ultimate Chopper",Motorcycles,1:10,"Min Lin Diecast","This replica features working kickstand, front suspension, gear-shift lever, footbrake lever, drive chain, wheels and steering. All parts are particularly delicate due to their precise scale and require special care and attention.",7933,a,48.81,95.70,90157.77,38565.60
S32_1374,"1997 BMW F650 ST",Motorcycles,1:32,"Exoto Designs","Features official die-struck logos and baked enamel finish. Comes with stand.",178,a,66.92,99.89,89364.89,21508.01
S700_2466,"America West Airlines B757-200",Planes,1:700,"Motor City Art Classics","Official logos and insignias. Working steering system. Rotating jet engines",9653,a,68.80,99.72,89347.80,21648.60
S700_2824,"1982 Camaro Z28","Classic Cars",1:18,"Carousel DieCast Legends","Features include opening and closing doors. Color: White. 
Measures approximately 9 1/2" Long.",6934,b,46.53,101.15,89272.65,42882.24
S24_4258,"1936 Chrysler Airflow","Vintage Cars",1:24,"Second Gear Diecast","Features opening trunk,  working steering system. Color dark green.",4710,c,57.46,97.39,88434.46,31951.28
S18_3320,"1917 Maxwell Touring Car","Vintage Cars",1:18,"Exoto Designs","Features Gold Trim, Full Size Spare Tire, Chrome Trim, Chrome Grille, Opening Hood, Opening Doors, Opening Trunk, Detailed Engine, Working Steering System",7913,c,57.54,99.21,87637.63,30557.95
S24_3432,"2002 Chevy Corvette","Classic Cars",1:24,"Gearbox Collectibles","The operating parts of this limited edition Diecast 2002 Chevy Corvette 50th Anniversary Pace car Limited Edition are particularly delicate due to their precise scale and require special care and attention. Features rotating wheels, poseable streering, opening doors and trunk.",9446,b,62.11,107.08,87404.81,31878.47
S18_3136,"18th Century Vintage Horse Carriage","Vintage Cars",1:18,"Red Start Diecast","Hand crafted diecast-like metal horse carriage is re-created in about 1:18 scale of antique horse carriage. This antique style metal Stagecoach is all hand-assembled with many different parts.

This collectible metal horse carriage is painted in classic Red, and features turning steering wheel and is entirely hand-finished.",5992,c,60.74,104.72,85328.57,30237.39
S700_3505,"The Titanic",Ships,1:700,"Carousel DieCast Legends","Completed model measures 19 1/2 inches long, 9 inches high, 3inches wide and is in barn red/black. All wood and metal.",1956,d,51.09,100.17,84992.25,36354.57
S32_4485,"1974 Ducati 350 Mk3 Desmo",Motorcycles,1:32,"Second Gear Diecast","This model features two-tone paint with chrome accents, superior die-cast detail , rotating wheels , working kick stand",3341,a,56.13,102.05,84039.24,33634.50
S18_3259,"Collectable Wooden Train",Trains,1:18,"Carousel DieCast Legends","Hand crafted wooden toy train set is in about 1:18 scale, 25 inches in total length including 2 additional carts, of actual vintage train. This antique style wooden toy train model set is all hand-assembled with 100% wood.",6450,d,67.56,100.84,82617.12,20597.04
S700_3962,"The Queen Mary",Ships,1:700,"Welly Diecast Productions","Exact replica. Wood and Metal. Many extras including rigging, long boats, pilot house, anchors, etc. Comes with three masts, all square-rigged.",5088,d,53.63,99.31,78919.06,30866.58
S32_1268,"1980’s GM Manhattan Express","Trucks and Buses",1:32,"Motor City Art Classics","This 1980’s era new look Manhattan express is still active, running from the Bronx to mid-town Manhattan. Has 35 opeining windows and working lights. Needs a battery.",5099,d,53.93,96.31,78067.82,28937.59
S18_4522,"1904 Buick Runabout","Vintage Cars",1:18,"Exoto Designs","Features opening trunk,  working steering system",8290,c,52.66,87.77,77800.54,25667.14
S24_3151,"1912 Ford Model T Delivery Wagon","Vintage Cars",1:24,"Min Lin Diecast","This model features chrome trim and grille, opening hood, opening doors, opening trunk, detailed engine, working steering system. Color white.",9173,c,46.91,88.51,77239.92,30752.11
S24_2766,"1949 Jaguar XK 120","Classic Cars",1:24,"Classic Metal Creations","Precision-engineered from original Jaguar specification in perfect scale ratio. Features opening doors, superb detail and craftsmanship, working steering system, opening forward compartment, opening rear trunk with removable spare, 4 wheel independent spring suspension as well as factory baked enamel finish.",2350,b,47.25,90.87,76670.02,31829.77
S700_3167,"F/A 18 Hornet 1/72",Planes,1:72,"Motor City Art Classics","10" Wingspan with retractable landing gears.Comes with pilot",551,a,54.40,80.00,76618.40,19661.60
S18_3029,"1999 Yamaha Speed Boat",Ships,1:18,"Min Lin Diecast","Exact replica. Wood and Metal. Many extras including rigging, long boats, pilot house, anchors, etc. Comes with three masts, all square-rigged.",4259,d,51.61,86.02,74127.24,24271.98
S700_1691,"American Airlines: B767-300",Planes,1:700,"Min Lin Diecast","Exact replia with official logos and insignias and retractable wheels",5841,a,51.15,91.34,73871.22,28143.12
S50_4713,"2002 Yamaha YZR M1",Motorcycles,1:50,"Autoart Studio Design","Features rotating wheels , working kick stand. Comes with stand.",600,a,34.17,81.36,73670.64,39774.00
S700_2047,"HMS Bounty",Ships,1:700,"Unimax Art Galleries","Measures 30 inches Long x 27 1/2 inches High x 4 3/4 inches Wide. 
Many extras including rigging, long boats, pilot house, anchors, etc. Comes with three masts, all square-rigged.",3501,d,39.83,90.52,73298.42,37570.91
S700_4002,"American Airlines: MD-11S",Planes,1:700,"Second Gear Diecast","Polished finish. Exact replia with official logos and insignias and retractable wheels",8820,a,36.27,74.03,71753.93,32400.98
S18_4409,"1932 Alfa Romeo 8C2300 Spider Sport","Vintage Cars",1:18,"Exoto Designs","This 1:18 scale precision die cast replica features the 6 front headlights of the original, plus a detailed version of the 142 horsepower straight 8 engine, dual spares and their famous comprehensive dashboard. Color black.",6553,c,43.26,92.03,71526.22,34063.06
S24_3816,"1940 Ford Delivery Sedan","Vintage Cars",1:24,"Carousel DieCast Legends","Chrome Trim, Chrome Grille, Opening Hood, Opening Doors, Opening Trunk, Detailed Engine, Working Steering System. Color black.",6621,c,48.64,83.86,71208.18,26313.46
S700_1938,"The Mayflower",Ships,1:700,"Studio M Art Models","Measures 31 1/2 inches Long x 25 1/2 inches High x 10 5/8 inches Wide
All wood with canvas sail. Extras include long boats, rigging, ladders, railing, anchors, side cannons, hand painted, etc.",737,d,43.30,86.61,69531.61,30648.21
S24_4620,"1961 Chevrolet Impala","Classic Cars",1:18,"Classic Metal Creations","This 1:18 scale precision die-cast reproduction of the 1961 Chevrolet Impala has all the features-doors, hood and trunk that open; detailed 409 cubic-inch engine; chrome dashboard and stick shift, two-tone interior; working steering system; all topped of with a factory baked-enamel finish.",7869,b,32.33,80.84,69120.97,38698.44
S18_3278,"1969 Dodge Super Bee","Classic Cars",1:18,"Min Lin Diecast","This replica features opening doors, superb detail and craftsmanship, working steering system, opening forward compartment, opening rear trunk with removable spare, 4 wheel independent spring suspension as well as factory baked enamel finish.",1917,b,49.05,80.41,68783.93,21009.23
S18_2581,"P-51-D Mustang",Planes,1:72,"Gearbox Collectibles","Has retractable wheels and comes with a stand",992,a,49.00,84.48,68741.91,23808.91
S24_4278,"1900s Vintage Tri-Plane",Planes,1:24,"Unimax Art Galleries","Hand crafted diecast-like metal Triplane is Re-created in about 1:24 scale of antique pioneer airplane. This antique style metal triplane is all hand-assembled with many different parts.",2756,a,36.23,72.45,68276.35,31720.28
S24_3191,"1969 Chevrolet Camaro Z28","Classic Cars",1:24,"Exoto Designs","1969 Z/28 Chevy Camaro 1:24 scale replica. The operating parts of this limited edition 1:24 scale diecast model car 1969 Chevy Camaro Z28- hood, trunk, wheels, streering, suspension and doors- are particularly delicate due to their precise scale and require special care and attention.",4695,b,50.51,85.61,67357.30,23413.60
S24_2000,"1960 BSA Gold Star DBD34",Motorcycles,1:24,"Highway 66 Mini Classics","Detailed scale replica with working suspension and constructed from over 70 parts",15,a,37.32,76.17,67193.49,29313.69
S700_2610,"The USS Constitution Ship",Ships,1:700,"Red Start Diecast","All wood with canvas sails. Measures 31 1/2" Length x 22 3/8" High x 8 1/4" Width. Extras include 4 boats on deck, sea sprite on bow, anchors, copper railing, pilot houses, etc.",7083,d,33.97,72.28,66697.13,32047.73
S18_1889,"1948 Porsche 356-A Roadster","Classic Cars",1:18,"Gearbox Collectibles","This precision die-cast replica features opening doors, superb detail and craftsmanship, working steering system, opening forward compartment, opening rear trunk with removable spare, 4 wheel independent spring suspension as well as factory baked enamel finish.",8826,b,53.90,77.00,66455.62,14064.82
S12_3990,"1970 Plymouth Hemi Cuda","Classic Cars",1:12,"Studio M Art Models","Very detailed 1970 Plymouth Cuda model in 1:12 scale. The Cuda is generally accepted as one of the fastest original muscle cars from the 1970s. This model is a reproduction of one of the orginal 652 cars built in 1970. Red color.",5663,b,31.92,79.80,63489.95,34761.95
S24_3949,"Corsair F4U ( Bird Cage)",Planes,1:24,"Second Gear Diecast","Has retractable wheels and comes with a stand. Official logos and insignias.",6812,a,29.34,68.24,62269.67,31433.33
S32_4289,"1928 Ford Phaeton Deluxe","Vintage Cars",1:32,"Highway 66 Mini Classics","This model features grille-mounted chrome horn, lift-up louvered hood, fold-down rumble seat, working steering system",136,c,33.02,68.79,60493.33,28397.89
S24_2841,"1900s Vintage Bi-Plane",Planes,1:24,"Autoart Studio Design","Hand crafted diecast-like metal bi-plane is re-created in about 1:24 scale of antique pioneer airplane. All hand-assembled with many different parts. Hand-painted in classic yellow and features correct markings of original airplane.",5942,a,34.25,68.51,58434.07,26239.07
S24_2360,"1982 Ducati 900 Monster",Motorcycles,1:24,"Highway 66 Mini Classics","Features two-tone paint with chrome accents, superior die-cast detail , rotating wheels , working kick stand",6840,a,47.10,69.26,57995.25,13391.55
S32_3522,"1996 Peterbilt 379 Stake Bed with Outrigger","Trucks and Buses",1:32,"Red Start Diecast","This model features, opening doors, detailed engine, working steering, tinted windows, detailed interior, die-struck logos, removable stakes operating outriggers, detachable second trailer, functioning 360-degree self loader, precision molded resin trailer and trim, baked enamel finish on cab",814,d,33.61,64.64,57282.49,24075.81
S700_1138,"The Schooner Bluenose",Ships,1:700,"Autoart Studio Design","All wood with canvas sails. Measures 31 1/2 inches in Length, 22 inches High and 4 3/4 inches Wide. Many extras.
The schooner Bluenose was built in Nova Scotia in 1921 to fish the rough waters off the coast of Newfoundland. Because of the Bluenose racing prowess she became the pride of all Canadians. Still featured on stamps and the Canadian dime, the Bluenose was lost off Haiti in 1946.",1897,d,34.00,66.67,56455.11,24699.11
S18_2432,"1926 Ford Fire Engine","Trucks and Buses",1:18,"Carousel DieCast Legends","Gleaming red handsome appearance. Everything is here the fire hoses, ladder, axes, bells, lanterns, ready to fight any inferno.",2018,d,24.92,60.77,55835.30,30965.14
S18_2957,"1934 Ford V8 Coupe","Vintage Cars",1:18,"Min Lin Diecast","Chrome Trim, Chrome Grille, Opening Hood, Opening Doors, Opening Trunk, Detailed Engine, Working Steering System",5649,c,34.35,62.46,55172.21,21337.46
S18_3782,"1957 Vespa GS150",Motorcycles,1:18,"Studio M Art Models","Features rotating wheels , working kick stand. Comes with stand.",7689,a,32.95,62.17,54024.87,22425.82
S32_3207,"1950's Chicago Surface Lines Streetcar",Trains,1:32,"Gearbox Collectibles","This streetcar is a joy to see. It has 80 separate windows, electric wire guides, detailed interiors with seats, poles and drivers controls, rolling and turning wheel assemblies, plus authentic factory baked-enamel finishes (Green Hornet for Chicago and Cream and Crimson for Boston).",8601,d,26.72,62.14,53791.99,28835.51
S24_1046,"1970 Chevy Chevelle SS 454","Classic Cars",1:24,"Unimax Art Galleries","This model features rotating wheels, working streering system and opening doors. All parts are particularly delicate due to their precise scale and require special care and attention. It should not be picked up by the doors, roof, hood or trunk.",1005,b,49.24,73.49,53236.67,13696.95
S24_3420,"1937 Horch 930V Limousine","Vintage Cars",1:24,"Autoart Studio Design","Features opening hood, opening doors, opening trunk, wide white wall tires, front door arm rests, working steering system",2902,c,26.30,65.75,52803.75,29554.55
S24_3371,"1971 Alpine Renault 1600s","Classic Cars",1:24,"Welly Diecast Productions","This 1971 Alpine Renault 1600s replica Features opening doors, superb detail and craftsmanship, working steering system, opening forward compartment, opening rear trunk with removable spare, 4 wheel independent spring suspension as well as factory baked enamel finish.",7995,b,38.58,61.23,52339.53,14955.51
S50_1514,"1962 City of Detroit Streetcar",Trains,1:50,"Classic Metal Creations","This streetcar is a joy to see. It has 99 separate windows, electric wire guides, detailed interiors with seats, poles and drivers controls, rolling and turning wheel assemblies, plus authentic factory baked-enamel finishes (Green Hornet for Chicago and Cream and Crimson for Boston).",1645,d,37.49,58.58,52123.81,15908.47
S24_1444,"1970 Dodge Coronet","Classic Cars",1:24,"Highway 66 Mini Classics","1:24 scale die-cast about 18" long doors open, hood opens and rubber wheels",4074,b,32.37,57.80,50255.45,18662.33
S18_4933,"1957 Ford Thunderbird","Classic Cars",1:18,"Studio M Art Models","This 1:18 scale precision die-cast replica, with its optional porthole hardtop and factory baked-enamel Thunderbird Bronze finish, is a 100% accurate rendition of this American classic.",3209,b,34.21,71.27,50101.57,23862.50
S18_2625,"1936 Harley Davidson El Knucklehead",Motorcycles,1:18,"Welly Diecast Productions","Intricately detailed with chrome accents and trim, official die-struck logos and baked enamel finish.",4357,a,24.23,60.57,49992.72,27095.37
S72_3212,"Pont Yacht",Ships,1:72,"Unimax Art Galleries","Measures 38 inches Long x 33 3/4 inches High. Includes a stand.
Many extras including rigging, long boats, pilot house, anchors, etc. Comes with 2 masts, all square-rigged",414,d,33.30,54.60,47550.40,15649.00
S32_2509,"1954 Greyhound Scenicruiser","Trucks and Buses",1:32,"Classic Metal Creations","Model features bi-level seating, 50 windows, skylights & glare resistant glass, working steering system, original logos",2874,d,25.98,54.11,46519.05,21708.15
S18_1367,"1936 Mercedes-Benz 500K Special Roadster","Vintage Cars",1:18,"Studio M Art Models","This 1:18 scale replica is constructed of heavy die-cast metal and has all the features of the original: working doors and rumble seat, independent spring suspension, detailed interior, working steering system, and a bifold hood that reveals an engine so accurate that it even includes the wiring. All this is topped off with a baked enamel finish. Color white.",8635,c,24.26,53.91,46078.29,22788.69
S18_2248,"1911 Ford Town Car","Vintage Cars",1:18,"Motor City Art Classics","Features opening hood, opening doors, opening trunk, wide white wall tires, front door arm rests, working steering system.",540,c,33.30,60.54,45306.77,17601.17
S18_4668,"1939 Cadillac Limousine","Vintage Cars",1:18,"Studio M Art Models","Features completely detailed interior including Velvet flocked drapes,deluxe wood grain floor, and a wood grain casket with seperate chrome handles",6645,c,23.14,50.31,44037.84,21013.54
S72_1253,"Boeing X-32A JSF",Planes,1:72,"Motor City Art Classics","10" Wingspan with retractable landing gears.Comes with pilot",4857,a,32.77,49.66,42692.53,11233.33
S24_1628,"1966 Shelby Cobra 427 S/C","Classic Cars",1:24,"Carousel DieCast Legends","This diecast model of the 1966 Shelby Cobra 427 S/C includes many authentic details and operating parts. The 1:24 scale model of this iconic lighweight sports car from the 1960s comes in silver and it's own display case.",8197,b,29.18,50.31,42015.54,15315.84
S50_1341,"1930 Buick Marquette Phaeton","Vintage Cars",1:50,"Studio M Art Models","Features opening trunk,  working steering system",7062,c,27.06,43.64,41599.24,12536.80
S24_2022,"1938 Cadillac V-16 Presidential Limousine","Vintage Cars",1:24,"Classic Metal Creations","This 1:24 scale precision die cast replica of the 1938 Cadillac V-16 Presidential Limousine has all the details of the original, from the flags on the front to an opening back seat compartment complete with telephone and rifle. Features factory baked-enamel black finish, hood goddess ornament, working jump seats.",2847,c,20.61,44.80,38449.09,18766.54
S32_2206,"1982 Ducati 996 R",Motorcycles,1:32,"Gearbox Collectibles","Features rotating wheels , working kick stand. Comes with stand.",9241,a,24.14,40.23,33268.76,11397.92
S24_2840,"1958 Chevy Corvette Limited Edition","Classic Cars",1:24,"Carousel DieCast Legends","The operating parts of this 1958 Chevy Corvette Limited Edition are particularly delicate due to their precise scale and require special care and attention. Features rotating wheels, working streering, opening doors and trunk. Color dark green.",2542,b,15.91,35.36,31627.96,15988.43
S24_2972,"1982 Lamborghini Diablo","Classic Cars",1:24,"Second Gear Diecast","This replica features opening doors, superb detail and craftsmanship, working steering system, opening forward compartment, opening rear trunk with removable spare, 4 wheel independent spring suspension as well as factory baked enamel finish.",7723,b,16.24,37.76,30972.87,16161.99
S24_3969,"1936 Mercedes Benz 500k Roadster","Vintage Cars",1:24,"Red Start Diecast","This model features grille-mounted chrome horn, lift-up louvered hood, fold-down rumble seat, working steering system and rubber wheels. Color black.",2081,c,21.75,41.03,29763.39,11841.39
S24_1937,"1939 Chevrolet Deluxe Coupe","Vintage Cars",1:24,"Motor City Art Classics","This 1:24 scale die-cast replica of the 1939 Chevrolet Deluxe Coupe has the same classy look as the original. Features opening trunk, hood and doors and a showroom quality baked enamel finish.",7332,c,22.57,33.19,28052.94,6904.85
S18_3233,"1985 Toyota Supra","Classic Cars",1:18,"Highway 66 Mini Classics","This model features soft rubber tires, working steering, rubber mud guards, authentic Ford logos, detailed undercarriage, opening doors and hood, removable split rear gate, full size spare mounted in bed, detailed interior with opening glove box",7733,b,57.01,107.57,0.00,0.00
